churn_rate,node_count,duration,faulty_rate,object_count,chunk_n,chunk_k,fragment_n,fragment_k,cache_sec,targeted_count,data_lost,targeted,repair,alive_count
4,100000,315360000,0.56,100,100,100,3,1,4294967295,0,100,0,88.3600000000083,0
4,100000,315360000,0.59999996,100,100,100,3,1,4294967295,0,100,0,70.62999999999923,0
4,100000,315360000,0.59999996,100,100,100,3,1,4294967295,0,100,0,68.08999999999793,0
4,100000,315360000,0.59999996,100,100,100,3,1,4294967295,0,100,0,69.47999999999864,0
4,100000,315360000,0.59999996,100,100,100,3,1,4294967295,0,100,0,70.3699999999991,0
4,100000,315360000,0.56,100,100,100,3,1,4294967295,0,100,0,90.19000000000923,0
4,100000,315360000,0.59999996,100,100,100,3,1,4294967295,0,100,0,69.44999999999862,0
4,100000,315360000,0.56,100,100,100,3,1,4294967295,0,100,0,88.13000000000818,0
4,100000,315360000,0.56,100,100,100,3,1,4294967295,0,100,0,87.14000000000767,0
4,100000,315360000,0.56,100,100,100,3,1,4294967295,0,100,0,90.06000000000917,0
4,100000,315360000,0.59999996,100,100,100,3,1,4294967295,0,100,0,69.46999999999863,0
4,100000,315360000,0.56,100,100,100,3,1,4294967295,0,100,0,87.55000000000788,0
4,100000,315360000,0.56,100,100,100,3,1,4294967295,0,100,0,89.9300000000091,0
4,100000,315360000,0.48,100,100,100,3,1,4294967295,0,100,0,139.5000000000181,0
4,100000,315360000,0.52,100,100,100,3,1,4294967295,0,100,0,112.82000000002081,0
4,100000,315360000,0.52,100,10,8,100,32,0,0,100,0,100034.5,0
4,100000,315360000,0.56,100,100,100,3,1,4294967295,0,100,0,91.17000000000974,0
4,100000,315360000,0.56,100,100,100,3,1,4294967295,0,100,0,90.74000000000952,0
4,100000,315360000,0.48,100,100,100,3,1,4294967295,0,100,0,140.700000000017,0
4,100000,315360000,0.56,100,100,100,3,1,4294967295,0,100,0,88.29000000000826,0
4,100000,315360000,0.56,100,10,8,100,32,0,0,100,0,36576.375,0
4,100000,315360000,0.48,100,100,100,3,1,4294967295,0,100,0,134.80000000002238,0
4,100000,315360000,0.48,100,100,100,3,1,4294967295,0,100,0,140.80000000001692,0
4,100000,315360000,0.48,100,100,100,3,1,4294967295,0,100,0,138.57000000001895,0
4,100000,315360000,0.48,100,100,100,3,1,4294967295,0,100,0,138.3000000000192,0
4,100000,315360000,0.32,100,100,100,3,1,4294967295,0,100,0,337.4299999998381,0
4,100000,315360000,0.48,100,100,100,3,1,4294967295,0,100,0,141.51000000001628,0
4,100000,315360000,0.48,100,100,100,3,1,4294967295,0,100,0,137.84000000001961,0
4,100000,315360000,0.48,100,100,100,3,1,4294967295,0,100,0,139.600000000018,0
4,100000,315360000,0.35999998,100,100,100,3,1,4294967295,0,100,0,271.4599999998981,0
4,100000,315360000,0.28,100,100,100,3,1,4294967295,0,100,0,418.3799999997645,0
4,100000,315360000,0.35999998,100,100,100,3,1,4294967295,0,100,0,267.9799999999013,0
4,100000,315360000,0.32,100,100,100,3,1,4294967295,0,100,0,332.44999999984265,0
4,100000,315360000,0.35999998,100,100,100,3,1,4294967295,0,100,0,270.3799999998991,0
4,100000,315360000,0.24,100,100,100,3,1,4294967295,0,100,0,537.0599999996566,0
4,100000,315360000,0.32,100,100,100,3,1,4294967295,0,100,0,337.4599999998381,0
4,100000,315360000,0.28,100,100,100,3,1,4294967295,0,100,0,414.92999999976763,0
4,100000,315360000,0.39999998,100,100,100,3,1,4294967295,0,100,0,212.7399999999515,0
4,100000,315360000,0.32,100,100,100,3,1,4294967295,0,100,0,331.98999999984306,0
4,100000,315360000,0.28,100,100,100,3,1,4294967295,0,100,0,412.83999999976953,0
4,100000,315360000,0.28,100,100,100,3,1,4294967295,0,100,0,415.23999999976735,0
4,100000,315360000,0.48,100,10,8,100,32,0,0,100,0,492066.125,0
4,100000,315360000,0.28,100,100,100,3,1,4294967295,0,100,0,417.0499999997657,0
4,100000,315360000,0.28,100,100,100,3,1,4294967295,0,100,0,412.37999999976995,0
4,100000,315360000,0.28,100,100,100,3,1,4294967295,0,100,0,420.06999999976296,0
4,100000,315360000,0.28,100,100,100,3,1,4294967295,0,100,0,418.97999999976395,0
4,100000,315360000,0.24,100,100,100,3,1,4294967295,0,100,0,530.4799999996626,0
4,100000,315360000,0.12,100,100,100,3,1,4294967295,0,100,0,1321.5299999989431,0
4,100000,315360000,0.19999999,100,100,100,3,1,4294967295,0,100,0,707.9399999995012,0
4,100000,315360000,0.16,100,100,100,3,1,4294967295,0,100,0,929.3399999992998,0
4,100000,315360000,0.12,100,100,100,3,1,4294967295,0,100,0,1347.2399999989198,0
4,100000,315360000,0.16,100,100,100,3,1,4294967295,0,100,0,957.0399999992746,0
4,100000,315360000,0.08,100,100,100,3,1,4294967295,0,100,0,2204.060000001689,0
4,100000,315360000,0.12,100,100,100,3,1,4294967295,0,100,0,1369.2799999988997,0
4,100000,315360000,0.16,100,100,100,3,1,4294967295,0,100,0,947.2999999992835,0
4,100000,315360000,0.08,100,100,100,3,1,4294967295,0,100,0,2213.2600000018897,0
4,100000,315360000,0.16,100,100,100,3,1,4294967295,0,100,0,955.589999999276,0
4,100000,315360000,0,100,100,100,3,1,4294967295,0,0,0,12003.280000215584,3
4,100000,315360000,0.16,100,100,100,3,1,4294967295,0,100,0,957.759999999274,0
4,100000,315360000,0.12,100,100,100,3,1,4294967295,0,100,0,1337.7199999989284,0
4,100000,315360000,0,100,100,100,3,1,4294967295,0,0,0,11986.920000215227,3
4,100000,315360000,0.04,100,100,100,3,1,4294967295,0,100,0,4448.660000050683,0
4,100000,315360000,0.12,100,100,100,3,1,4294967295,0,100,0,1390.99999999888,0
4,100000,315360000,0.08,100,100,100,3,1,4294967295,0,100,0,2236.1700000023898,0
4,100000,315360000,0.12,100,100,100,3,1,4294967295,0,100,0,1395.5099999988759,0
4,100000,315360000,0.12,100,100,100,3,1,4294967295,0,100,0,1368.9599999989,0
4,100000,315360000,0.12,100,100,100,3,1,4294967295,0,100,0,1344.0099999989227,0
4,100000,315360000,0,100,100,100,3,1,4294967295,0,0,0,11992.790000215355,3
4,100000,315360000,0.08,100,100,100,3,1,4294967295,0,100,0,2210.8700000018375,0
4,100000,315360000,0.08,100,100,100,3,1,4294967295,0,100,0,2160.1100000007295,0
4,100000,315360000,0.08,100,100,100,3,1,4294967295,0,100,0,2161.6600000007634,0
4,100000,315360000,0.08,100,100,100,3,1,4294967295,0,100,0,2157.4000000006704,0
4,100000,315360000,0.08,100,100,100,3,1,4294967295,0,100,0,2209.1400000017998,0
4,100000,315360000,0,100,100,100,3,1,4294967295,0,0,0,11989.270000215278,3
4,100000,315360000,0,100,100,100,3,1,4294967295,0,0,0,12007.600000215678,3
4,100000,315360000,0,100,100,100,3,1,4294967295,0,0,0,12011.310000215759,3
4,100000,315360000,0.59999996,100,100,100,3,1,4294967295,0,100,0,69.0199999999984,0
4,100000,315360000,0.59999996,100,100,100,3,1,4294967295,0,100,0,70.7599999999993,0
4,100000,315360000,0.59999996,100,100,100,3,1,4294967295,0,100,0,69.85999999999883,0
4,100000,315360000,0.59999996,100,100,100,3,1,4294967295,0,100,0,68.39999999999809,0
4,100000,315360000,0,100,100,100,3,1,4294967295,0,0,0,12021.220000215975,3
4,100000,315360000,0.59999996,100,10,8,120,32,0,0,100,0,87134.5,0
4,100000,315360000,0.52,100,100,100,3,1,4294967295,0,100,0,115.82000000002235,0
4,100000,315360000,0.52,100,10,8,100,32,0,0,100,0,120528,0
4,100000,315360000,0.32,100,10,8,100,32,0,0,0,0,1471655.375,63
4,100000,315360000,0.59999996,100,10,8,100,32,0,0,100,0,15175.25,0
4,100000,315360000,0.56,100,10,8,100,32,0,0,100,0,31779.875,0
4,100000,315360000,0.56,100,10,8,100,32,0,0,100,0,33658.375,0
4,100000,315360000,0.35999998,100,10,8,100,32,0,0,0,0,1563307.375,59
4,100000,315360000,0,100,10,8,80,32,0,0,0,0,803168.125,80
4,100000,315360000,0.48,100,100,100,3,1,4294967295,0,100,0,138.6300000000189,0
4,100000,315360000,0.56,100,10,8,120,32,0,0,100,0,442956.75,0
4,100000,315360000,0.39999998,100,10,8,100,32,0,0,0,0,1660004.875,57
4,100000,315360000,0.48,100,10,8,120,32,0,0,0,0,2278788.875,58
4,100000,315360000,0.16,100,10,8,100,32,0,0,0,0,1192832.25,77
4,100000,315360000,0,100,10,8,120,32,0,0,0,0,1204343.875,120
4,100000,315360000,0.08,100,10,8,100,32,0,0,0,0,1089993.875,96
4,100000,315360000,0.32,100,10,8,100,32,0,0,0,0,1471629.25,65
4,100000,315360000,0,100,10,8,100,32,0,0,0,0,1003788.75,100
4,100000,315360000,0.52,100,10,8,100,32,0,0,100,0,108206.75,0
4,100000,315360000,0.56,100,10,8,100,32,0,0,100,0,34252.375,0
4,100000,315360000,0.44,100,100,100,3,1,4294967295,0,100,0,178.3199999999828,0
4,100000,315360000,0.08,100,10,8,120,32,0,0,0,0,1307637.375,111
4,100000,315360000,0.04,100,10,8,100,32,0,0,0,0,1045093.375,96
4,100000,315360000,0.32,100,10,8,120,32,0,0,0,0,1765623.375,71
4,100000,315360000,0.32,100,100,100,3,1,4294967295,0,100,0,337.95999999983763,0
4,100000,315360000,0.39999998,100,100,100,3,1,4294967295,0,100,0,216.32999999994823,0
4,100000,315360000,0.12,100,10,8,100,32,0,0,0,0,1139098,76
4,100000,315360000,0.24,100,100,100,3,1,4294967295,0,100,0,539.2399999996546,0
4,100000,315360000,0.16,100,10,8,120,32,0,0,0,0,1431062.875,98
4,100000,315360000,0.28,100,100,100,3,1,4294967295,0,100,0,424.48999999975894,0
4,100000,315360000,0.19999999,100,100,100,3,1,4294967295,0,100,0,699.5999999995088,0
4,100000,315360000,0.32,100,100,100,3,1,4294967295,0,100,0,336.2699999998392,0
4,100000,315360000,0.39999998,100,10,8,120,32,0,0,0,0,2000093.625,68
4,100000,315360000,0.39999998,100,100,100,3,1,4294967295,0,100,0,209.44999999995449,0
4,100000,315360000,0.08,100,10,8,100,32,0,0,0,0,1089923.875,91
4,100000,315360000,0.35999998,100,100,100,3,1,4294967295,0,100,0,267.219999999902,0
4,100000,315360000,0.24,100,100,100,3,1,4294967295,0,100,0,522.8799999996695,0
4,100000,315360000,0.35999998,100,100,100,3,1,4294967295,0,100,0,270.65999999989884,0
4,100000,315360000,0,100,10,8,100,32,0,0,0,0,1003785.875,100
4,100000,315360000,0.39999998,100,100,100,3,1,4294967295,0,100,0,214.8199999999496,0
4,100000,315360000,0.59999996,100,10,8,100,32,0,0,100,0,13299.75,0
4,100000,315360000,0.56,100,10,8,100,32,0,0,100,0,37864.875,0
4,100000,315360000,0.35999998,100,100,100,3,1,4294967295,0,100,0,269.3799999999,0
4,100000,315360000,0.04,100,10,8,120,32,0,0,0,0,1253774,113
4,100000,315360000,0.56,100,10,8,100,32,0,0,100,0,35546,0
4,100000,315360000,0.08,100,100,100,3,1,4294967295,0,100,0,2184.3000000012576,0
4,100000,315360000,0.28,100,100,100,3,1,4294967295,0,100,0,422.8499999997604,0
4,100000,315360000,0.32,100,10,8,100,32,0,0,0,0,1471648,54
4,100000,315360000,0.48,100,10,8,80,32,0,0,100,0,22154.5,0
4,100000,315360000,0.39999998,100,100,100,3,1,4294967295,0,100,0,211.12999999995296,0
4,100000,315360000,0.59999996,100,10,8,100,32,0,0,100,0,14974.875,0
4,100000,315360000,0.56,100,10,8,100,32,0,0,100,0,36564,0
4,100000,315360000,0.35999998,100,100,100,3,1,4294967295,0,100,0,271.8099999998978,0
4,100000,315360000,0.56,100,10,8,100,32,0,0,100,0,30589.75,0
4,100000,315360000,0.12,100,100,100,3,1,4294967295,0,100,0,1378.2099999988916,0
4,100000,315360000,0.16,100,100,100,3,1,4294967295,0,100,0,937.6899999992922,0
4,100000,315360000,0.48,100,10,8,100,32,0,0,100,0,548454.875,0
4,100000,315360000,0.16,100,100,100,3,1,4294967295,0,100,0,972.8699999992602,0
4,100000,315360000,0.59999996,100,10,8,120,32,0,0,100,0,90742.5,0
4,100000,315360000,0.24,100,100,100,3,1,4294967295,0,100,0,532.0699999996611,0
4,100000,315360000,0.59999996,100,10,8,100,32,0,0,100,0,13431.25,0
4,100000,315360000,0.32,100,10,8,100,32,0,0,0,0,1471628.625,57
4,100000,315360000,0.52,100,100,100,3,1,4294967295,0,100,0,112.64000000002072,0
4,100000,315360000,0.16,100,100,100,3,1,4294967295,0,100,0,953.2599999992781,0
4,100000,315360000,0.32,100,10,8,100,32,0,0,0,0,1471589.875,65
4,100000,315360000,0.32,100,100,100,3,1,4294967295,0,100,0,342.00999999983395,0
4,100000,315360000,0.52,100,10,8,100,32,0,0,100,0,125347.875,0
4,100000,315360000,0.24,100,100,100,3,1,4294967295,0,100,0,546.559999999648,0
4,100000,315360000,0.19999999,100,100,100,3,1,4294967295,0,100,0,699.9699999995084,0
4,100000,315360000,0.19999999,100,100,100,3,1,4294967295,0,100,0,719.149999999491,0
4,100000,315360000,0.08,100,10,8,100,32,0,0,0,0,1089889.125,89
4,100000,315360000,0.24,100,10,8,120,32,0,0,0,0,1580612.875,86
4,100000,315360000,0.52,100,10,8,100,32,0,0,100,0,105238,0
4,100000,315360000,0,100,100,100,3,1,4294967295,0,0,0,12001.050000215535,3
4,100000,315360000,0,100,10,8,100,32,0,0,0,0,1003736.375,100
4,100000,315360000,0.08,100,10,8,100,32,0,0,0,0,1089944.75,86
4,100000,315360000,0.04,100,100,100,3,1,4294967295,0,100,0,4487.790000051537,0
4,100000,315360000,0.56,100,10,8,120,32,0,0,100,0,437155.25,0
4,100000,315360000,0.12,100,100,100,3,1,4294967295,0,100,0,1349.8799999989174,0
4,100000,315360000,0.48,100,10,8,100,32,0,0,100,0,529194.375,0
4,100000,315360000,0.04,100,10,8,100,32,0,0,0,0,1045066.75,95
4,100000,315360000,0.32,100,10,8,80,32,0,0,5,0,1136162.875,55
4,100000,315360000,0.08,100,100,100,3,1,4294967295,0,100,0,2211.0400000018412,0
4,100000,315360000,0.44,100,100,100,3,1,4294967295,0,100,0,170.66999999998976,0
4,100000,315360000,0.32,100,100,100,3,1,4294967295,0,100,0,345.29999999983096,0
4,100000,315360000,0.59999996,100,10,8,100,32,0,0,100,0,14845.875,0
4,100000,315360000,0.44,100,10,8,120,32,0,0,0,0,2142574.25,64
4,100000,315360000,0.56,100,10,8,100,32,0,0,100,0,35323.625,0
4,100000,315360000,0.39999998,100,100,100,3,1,4294967295,0,100,0,218.16999999994655,0
4,100000,315360000,0.44,100,100,100,3,1,4294967295,0,100,0,173.00999999998763,0
4,100000,315360000,0.12,100,10,8,100,32,0,0,0,0,1139029.25,82
4,100000,315360000,0.08,100,10,8,100,32,0,0,0,0,1089967.25,92
4,100000,315360000,0.59999996,100,10,8,100,32,0,0,100,0,13203.125,0
4,100000,315360000,0,100,100,100,3,1,4294967295,0,0,0,11977.220000215015,3
4,100000,315360000,0.35999998,100,100,100,3,1,4294967295,0,100,0,268.90999999990044,0
4,100000,315360000,0.24,100,100,100,3,1,4294967295,0,100,0,541.1899999996529,0
4,100000,315360000,0,100,100,100,3,1,4294967295,0,0,0,11993.800000215377,3
4,100000,315360000,0.39999998,100,100,100,3,1,4294967295,0,100,0,211.56999999995256,0
4,100000,315360000,0.08,100,10,8,100,32,0,0,0,0,1089926.5,84
4,100000,315360000,0.48,100,10,8,80,32,0,0,100,0,21392.625,0
4,100000,315360000,0.39999998,100,10,8,80,32,0,0,100,0,231195,0
4,100000,315360000,0.04,100,10,8,100,32,0,0,0,0,1045094.75,92
4,100000,315360000,0.19999999,100,10,8,120,32,0,0,0,0,1502024,87
4,100000,315360000,0.59999996,100,10,8,120,32,0,0,100,0,92613.875,0
4,100000,315360000,0.08,100,10,8,100,32,0,0,0,0,1089959.25,93
4,100000,315360000,0,100,10,8,100,32,0,0,0,0,1003756.875,100
4,100000,315360000,0.28,100,10,8,120,32,0,0,0,0,1667966.5,76
4,100000,315360000,0.59999996,100,10,8,100,32,0,0,100,0,13177.25,0
4,100000,315360000,0.19999999,100,100,100,3,1,4294967295,0,100,0,720.7199999994896,0
4,100000,315360000,0.44,100,10,8,120,32,0,0,0,0,2142564.875,65
4,100000,315360000,0.19999999,100,10,8,120,32,0,0,0,0,1502042,86
4,100000,315360000,0.08,100,10,8,100,32,0,0,0,0,1089979,94
4,100000,315360000,0.56,100,10,8,80,32,0,0,100,0,4138,0
4,100000,315360000,0.52,100,100,100,3,1,4294967295,0,100,0,110.61000000001968,0
4,100000,315360000,0.19999999,100,10,8,120,32,0,0,0,0,1501989.125,94
4,100000,315360000,0.19999999,100,100,100,3,1,4294967295,0,100,0,702.3899999995062,0
4,100000,315360000,0.48,100,10,8,100,32,0,0,100,0,556701.125,0
4,100000,315360000,0.04,100,10,8,100,32,0,0,0,0,1045088,95
4,100000,315360000,0.52,100,10,8,100,32,0,0,100,0,115690.625,0
4,100000,315360000,0.39999998,100,10,8,120,32,0,0,0,0,2000070.625,64
4,100000,315360000,0.19999999,100,10,8,120,32,0,0,0,0,1502061.125,94
4,100000,315360000,0.32,100,10,8,100,32,0,0,0,0,1471620.375,58
4,100000,315360000,0.35999998,100,10,8,100,32,0,0,0,0,1563296.25,46
4,100000,315360000,0.39999998,100,10,8,100,32,0,0,0,0,1659602.125,47
4,100000,315360000,0,100,10,8,80,32,0,0,0,0,803131.375,80
4,100000,315360000,0.19999999,100,10,8,120,32,0,0,0,0,1502054.75,90
4,100000,315360000,0.35999998,100,10,8,100,32,0,0,0,0,1563318,62
4,100000,315360000,0.52,100,10,8,100,32,0,0,100,0,107218.5,0
4,100000,315360000,0.59999996,100,10,8,120,32,0,0,100,0,84934.25,0
4,100000,315360000,0.19999999,100,10,8,120,32,0,0,0,0,1502009.75,90
4,100000,315360000,0.56,100,10,8,100,32,0,0,100,0,34895.25,0
4,100000,315360000,0.19999999,100,100,100,3,1,4294967295,0,100,0,687.26999999952,0
4,100000,315360000,0.16,100,100,100,3,1,4294967295,0,100,0,978.3899999992552,0
4,100000,315360000,0.08,100,10,8,100,32,0,0,0,0,1089948.125,88
4,100000,315360000,0.08,100,10,8,100,32,0,0,0,0,1090011.25,91
4,100000,315360000,0.32,100,100,100,3,1,4294967295,0,100,0,339.82999999983593,0
4,100000,315360000,0.48,100,10,8,100,32,0,0,100,0,484631.875,0
4,100000,315360000,0.52,100,10,8,120,32,0,0,91,0,1821812.875,46
4,100000,315360000,0.35999998,100,10,8,100,32,0,0,0,0,1563298.375,59
4,100000,315360000,0.32,100,10,8,100,32,0,0,0,0,1471591.625,61
4,100000,315360000,0.19999999,100,100,100,3,1,4294967295,0,100,0,695.1499999995128,0
4,100000,315360000,0.16,100,10,8,100,32,0,0,0,0,1192825.375,81
4,100000,315360000,0.12,100,10,8,100,32,0,0,0,0,1139086.25,92
4,100000,315360000,0,100,10,8,120,32,0,0,0,0,1204340.125,120
4,100000,315360000,0.24,100,100,100,3,1,4294967295,0,100,0,530.2399999996628,0
4,100000,315360000,0.59999996,100,10,8,100,32,0,0,100,0,13489,0
4,100000,315360000,0.19999999,100,100,100,3,1,4294967295,0,100,0,715.5599999994943,0
4,100000,315360000,0.16,100,10,8,120,32,0,0,0,0,1431035,89
4,100000,315360000,0.32,100,10,8,100,32,0,0,0,0,1471642.75,68
4,100000,315360000,0.52,100,10,8,100,32,0,0,100,0,102858.125,0
4,100000,315360000,0.12,100,10,8,100,32,0,0,0,0,1139077.25,89
4,100000,315360000,0.48,100,10,8,120,32,0,0,0,0,2269745.125,66
4,100000,315360000,0.08,100,10,8,120,32,0,0,0,0,1307709.125,117
4,100000,315360000,0.44,100,100,100,3,1,4294967295,0,100,0,178.06999999998303,0
4,100000,315360000,0.16,100,10,8,120,32,0,0,0,0,1431092,96
4,100000,315360000,0.04,100,10,8,100,32,0,0,0,0,1045095.125,98
4,100000,315360000,0.44,100,100,100,3,1,4294967295,0,100,0,173.65999999998704,0
4,100000,315360000,0.56,100,10,8,120,32,0,0,100,0,461335.375,0
4,100000,315360000,0.32,100,10,8,120,32,0,0,0,0,1765605,81
4,100000,315360000,0.24,100,10,8,120,32,0,0,0,0,1580609.5,79
4,100000,315360000,0.39999998,100,100,100,3,1,4294967295,0,100,0,210.77999999995328,0
4,100000,315360000,0.24,100,100,100,3,1,4294967295,0,100,0,543.5099999996507,0
4,100000,315360000,0.48,100,10,8,100,32,0,0,100,0,528626.625,0
4,100000,315360000,0.04,100,10,8,100,32,0,0,0,0,1045081.25,90
4,100000,315360000,0.59999996,100,10,8,120,32,0,0,100,0,88290.375,0
4,100000,315360000,0.19999999,100,10,8,120,32,0,0,0,0,1502060.5,91
4,100000,315360000,0.35999998,100,100,100,3,1,4294967295,0,100,0,271.8299999998978,0
4,100000,315360000,0.35999998,100,10,8,120,32,0,0,0,0,1875476.75,65
4,100000,315360000,0.39999998,100,10,8,120,32,0,0,0,0,2000104.625,67
4,100000,315360000,0.59999996,100,10,8,100,32,0,0,100,0,14163.375,0
4,100000,315360000,0.19999999,100,10,8,120,32,0,0,0,0,1502043.875,92
4,100000,315360000,0.48,100,10,8,80,32,0,0,100,0,23419.25,0
4,100000,315360000,0.35999998,100,100,100,3,1,4294967295,0,100,0,271.9099999998977,0
4,100000,315360000,0.44,100,10,8,100,32,0,0,69,0,1500128.25,47
4,100000,315360000,0.39999998,100,10,8,80,32,0,0,100,0,205193.875,0
4,100000,315360000,0.48,100,10,8,120,32,0,0,0,0,2286954.125,55
4,100000,315360000,0.56,100,10,8,80,32,0,0,100,0,4472.875,0
4,100000,315360000,0,100,10,8,100,32,0,0,0,0,1003764.625,100
4,100000,315360000,0.04,100,100,100,3,1,4294967295,0,100,0,4457.000000050865,0
4,100000,315360000,0.24,100,10,8,120,32,0,0,0,0,1580612.875,83
4,100000,315360000,0.52,100,100,100,3,1,4294967295,0,100,0,111.36000000002007,0
4,100000,315360000,0.48,100,10,8,100,32,0,0,100,0,536601.625,0
4,100000,315360000,0.52,100,10,8,100,32,0,0,100,0,112298.875,0
4,100000,315360000,0.04,100,10,8,120,32,0,0,0,0,1253773.625,117
4,100000,315360000,0.59999996,100,10,8,120,32,0,0,100,0,88672.125,0
4,100000,315360000,0.12,100,10,8,120,32,0,0,0,0,1366593.75,105
4,100000,315360000,0.35999998,100,10,8,100,32,0,0,0,0,1563320.75,65
4,100000,315360000,0.16,100,10,8,120,32,0,0,0,0,1431058.75,89
4,100000,315360000,0.24,100,10,8,120,32,0,0,0,0,1580623,77
4,100000,315360000,0.59999996,100,10,8,100,32,0,0,100,0,14075.375,0
4,100000,315360000,0.32,100,10,8,80,32,0,0,2,0,1134818.75,52
4,100000,315360000,0.59999996,100,10,8,80,32,0,0,100,0,1609.5,0
4,100000,315360000,0,100,10,8,100,32,0,0,0,0,1003770.875,100
4,100000,315360000,0.39999998,100,100,100,3,1,4294967295,0,100,0,214.41999999994997,0
4,100000,315360000,0.48,100,10,8,100,32,0,0,100,0,599195,0
4,100000,315360000,0.24,100,10,8,120,32,0,0,0,0,1580585,96
4,100000,315360000,0.12,100,10,8,100,32,0,0,0,0,1139040.25,81
4,100000,315360000,0.16,100,100,100,3,1,4294967295,0,100,0,952.0299999992792,0
4,100000,315360000,0.44,100,100,100,3,1,4294967295,0,100,0,178.1999999999829,0
4,100000,315360000,0,100,10,8,120,32,0,0,0,0,1204308.125,120
4,100000,315360000,0,100,10,8,120,32,0,0,0,0,1204301.75,120
4,100000,315360000,0.12,100,10,8,100,32,0,0,0,0,1139057.25,87
4,100000,315360000,0.44,100,10,8,80,32,0,0,100,0,54241.375,0
4,100000,315360000,0.24,100,100,100,3,1,4294967295,0,100,0,543.8299999996505,0
4,100000,315360000,0.59999996,100,10,8,120,32,0,0,100,0,87016.875,0
4,100000,315360000,0.32,100,100,100,3,1,4294967295,0,100,0,341.7199999998342,0
4,100000,315360000,0.04,100,10,8,100,32,0,0,0,0,1045089,88
4,100000,315360000,0.08,100,10,8,120,32,0,0,0,0,1307668.5,99
4,100000,315360000,0.04,100,100,100,3,1,4294967295,0,100,0,4425.920000050187,0
4,100000,315360000,0.04,100,100,100,3,1,4294967295,0,100,0,4357.8000000487,1
4,100000,315360000,0.39999998,100,100,100,3,1,4294967295,0,100,0,212.92999999995132,0
4,100000,315360000,0.19999999,100,100,100,3,1,4294967295,0,100,0,706.9599999995021,0
4,100000,315360000,0.04,100,100,100,3,1,4294967295,0,100,0,4351.750000048568,0
4,100000,315360000,0.04,100,100,100,3,1,4294967295,0,100,0,4371.250000048994,0
4,100000,315360000,0.56,100,10,8,120,32,0,0,100,0,438646.125,0
4,100000,315360000,0.44,100,100,100,3,1,4294967295,0,100,0,180.53999999998078,0
4,100000,315360000,0.48,100,10,8,100,32,0,0,100,0,664599.75,0
4,100000,315360000,0.44,100,10,8,120,32,0,0,0,0,2142567.375,63
4,100000,315360000,0.44,100,10,8,100,32,0,0,69,0,1479183.875,0
4,100000,315360000,0,100,10,8,120,32,0,0,0,0,1204329.25,120
4,100000,315360000,0.56,100,10,8,80,32,0,0,100,0,4223.375,0
4,100000,315360000,0,100,10,8,100,32,0,0,0,0,1003769.25,100
4,100000,315360000,0.48,100,10,8,80,32,0,0,100,0,21923.75,0
4,100000,315360000,0,100,10,8,100,32,0,0,0,0,1003795.25,100
4,100000,315360000,0,100,10,8,120,32,0,0,0,0,1204305.375,120
4,100000,315360000,0.39999998,100,10,8,120,32,0,0,0,0,2000083.125,64
4,100000,315360000,0.04,100,100,100,3,1,4294967295,0,100,0,4550.960000052916,0
4,100000,315360000,0.08,100,10,8,120,32,0,0,0,0,1307662.125,109
4,100000,315360000,0.32,100,10,8,120,32,0,0,0,0,1765591.375,66
4,100000,315360000,0.52,100,100,100,3,1,4294967295,0,100,0,113.49000000002115,0
4,100000,315360000,0.59999996,100,10,8,120,32,0,0,100,0,82258.125,0
4,100000,315360000,0.39999998,100,10,8,80,32,0,0,100,0,223564.5,0
4,100000,315360000,0.28,100,10,8,120,32,0,0,0,0,1668003.25,72
4,100000,315360000,0.52,100,10,8,100,32,0,0,100,0,121626,0
4,100000,315360000,0.35999998,100,10,8,120,32,0,0,0,0,1875466.75,78
4,100000,315360000,0.59999996,100,10,8,80,32,0,0,100,0,1642.5,0
4,100000,315360000,0.16,100,10,8,80,32,0,0,0,0,954425.75,66
4,100000,315360000,0.56,100,10,8,120,32,0,0,100,0,386548.25,0
4,100000,315360000,0.59999996,100,10,8,120,32,0,0,100,0,94361.25,0
4,100000,315360000,0,100,10,8,80,32,0,0,0,0,803184.625,80
4,100000,315360000,0.04,100,10,8,100,32,0,0,0,0,1045055.5,97
4,100000,315360000,0.39999998,100,10,8,100,32,0,0,0,0,1646586.375,59
4,100000,315360000,0.24,100,10,8,100,32,0,0,0,0,1317424.25,69
4,100000,315360000,0.35999998,100,10,8,100,32,0,0,0,0,1563310.625,56
4,100000,315360000,0.44,100,10,8,120,32,0,0,0,0,2142543.375,52
4,100000,315360000,0.04,100,10,8,80,32,0,0,0,0,836158,77
4,100000,315360000,0.39999998,100,10,8,120,32,0,0,0,0,2000089.625,68
4,100000,315360000,0.48,100,10,8,100,32,0,0,100,0,530670.875,0
4,100000,315360000,0.24,100,10,8,120,32,0,0,0,0,1580615.5,83
4,100000,315360000,0.12,100,10,8,80,32,0,0,0,0,911351.75,67
4,100000,315360000,0,100,10,8,120,32,0,0,0,0,1204292.75,120
4,100000,315360000,0.32,100,10,8,100,32,0,0,0,0,1471688.875,58
4,100000,315360000,0.08,100,10,8,80,32,0,0,0,0,872152,74
4,100000,315360000,0.52,100,10,8,120,32,0,0,74,0,2012694.875,0
4,100000,315360000,0.44,100,100,100,3,1,4294967295,0,100,0,176.09999999998482,0
4,100000,315360000,0.44,100,100,100,3,1,4294967295,0,100,0,175.4499999999854,0
4,100000,315360000,0.04,100,100,100,3,1,4294967295,0,100,0,4419.720000050052,0
4,100000,315360000,0,100,10,8,120,32,0,0,0,0,1204353,120
4,100000,315360000,0.35999998,100,10,8,100,32,0,0,0,0,1563287,59
4,100000,315360000,0.56,100,10,8,80,32,0,0,100,0,5087.875,0
4,100000,315360000,0.16,100,10,8,100,32,0,0,0,0,1192813.375,73
4,100000,315360000,0.44,100,10,8,80,32,0,0,100,0,59158.25,0
4,100000,315360000,0.24,100,10,8,120,32,0,0,0,0,1580585.5,77
4,100000,315360000,0.19999999,100,10,8,120,32,0,0,0,0,1502071.125,90
4,100000,315360000,0.08,100,10,8,120,32,0,0,0,0,1307707.5,107
4,100000,315360000,0.16,100,10,8,120,32,0,0,0,0,1431051.125,94
4,100000,315360000,0.52,100,10,8,80,32,0,0,100,0,10280.625,0
4,100000,315360000,0.04,100,10,8,120,32,0,0,0,0,1253803.375,117
4,100000,315360000,0.56,100,10,8,80,32,0,0,100,0,4205,0
4,100000,315360000,0.08,100,10,8,120,32,0,0,0,0,1307692.375,110
4,100000,315360000,0.12,100,10,8,120,32,0,0,0,0,1366620,104
4,100000,315360000,0.16,100,10,8,120,32,0,0,0,0,1431096.5,89
4,100000,315360000,0.32,100,10,8,120,32,0,0,0,0,1765587.25,74
4,100000,315360000,0.52,100,10,8,120,32,0,0,83,0,1961853.25,0
4,100000,315360000,0.08,100,10,8,80,32,0,0,0,0,872120.375,76
4,100000,315360000,0.44,100,10,8,100,32,0,0,66,0,1488339.875,0
4,100000,315360000,0.35999998,100,10,8,120,32,0,0,0,0,1875470.25,72
4,100000,315360000,0.56,100,10,8,120,32,0,0,100,0,381548.375,0
4,100000,315360000,0.44,100,10,8,80,32,0,0,100,0,58213.25,0
4,100000,315360000,0.04,100,10,8,120,32,0,0,0,0,1253826.75,111
4,100000,315360000,0.48,100,10,8,80,32,0,0,100,0,21408,0
4,100000,315360000,0.16,100,10,8,120,32,0,0,0,0,1431020.25,98
4,100000,315360000,0.52,100,100,100,3,1,4294967295,0,100,0,111.97000000002038,0
4,100000,315360000,0.04,100,10,8,120,32,0,0,0,0,1253816.25,111
4,100000,315360000,0.35999998,100,10,8,100,32,0,0,0,0,1563294.375,51
4,100000,315360000,0,100,10,8,120,32,0,0,0,0,1204342.75,120
4,100000,315360000,0.48,100,10,8,120,32,0,0,0,0,2268981.375,55
4,100000,315360000,0.59999996,100,10,8,80,32,0,0,100,0,1927.75,0
4,100000,315360000,0.32,100,10,8,80,32,0,0,2,0,1148310.875,47
4,100000,315360000,0.39999998,100,10,8,120,32,0,0,0,0,2000090.625,62
4,100000,315360000,0.32,100,10,8,120,32,0,0,0,0,1765631.25,79
4,100000,315360000,0.35999998,100,10,8,100,32,0,0,0,0,1563259.25,55
4,100000,315360000,0.39999998,100,10,8,80,32,0,0,100,0,228993.625,0
4,100000,315360000,0.59999996,100,10,8,120,32,0,0,100,0,78081.875,0
4,100000,315360000,0.35999998,100,10,8,120,32,0,0,0,0,1875499.625,76
4,100000,315360000,0.35999998,100,10,8,120,32,0,0,0,0,1875444.25,76
4,100000,315360000,0.48,100,10,8,120,32,0,0,0,0,2275995.375,55
4,100000,315360000,0.56,100,10,8,120,32,0,0,100,0,433381.25,0
4,100000,315360000,0.39999998,100,10,8,80,32,0,0,100,0,218696.5,0
4,100000,315360000,0.12,100,10,8,120,32,0,0,0,0,1366645,104
4,100000,315360000,0.04,100,100,100,3,1,4294967295,0,100,0,4574.50000005343,0
4,100000,315360000,0.35999998,100,10,8,120,32,0,0,0,0,1875421.875,77
4,100000,315360000,0.04,100,10,8,120,32,0,0,0,0,1253768.125,114
4,100000,315360000,0.39999998,100,10,8,120,32,0,0,0,0,2000090.125,63
4,100000,315360000,0.56,100,10,8,120,32,0,0,100,0,491377.375,0
4,100000,315360000,0.56,100,10,8,80,32,0,0,100,0,4194.125,0
4,100000,315360000,0.24,100,10,8,120,32,0,0,0,0,1580610.125,82
4,100000,315360000,0.12,100,10,8,120,32,0,0,0,0,1366569.75,104
4,100000,315360000,0.44,100,100,100,3,1,4294967295,0,100,0,174.8999999999859,0
4,100000,315360000,0.56,100,10,8,80,32,0,0,100,0,4312,0
4,100000,315360000,0.44,100,10,8,100,32,0,0,51,0,1549001,44
4,100000,315360000,0,100,10,8,80,32,0,0,0,0,803181.25,80
4,100000,315360000,0.08,100,10,8,80,32,0,0,0,0,872144.125,69
4,100000,315360000,0.32,100,10,8,100,32,0,0,0,0,1471603.125,68
4,100000,315360000,0.44,100,10,8,80,32,0,0,100,0,61355,0
4,100000,315360000,0,100,10,8,120,32,0,0,0,0,1204210.25,120
4,100000,315360000,0.52,100,10,8,80,32,0,0,100,0,9546.625,0
4,100000,315360000,0.12,100,10,8,100,32,0,0,0,0,1139044.625,84
4,100000,315360000,0.39999998,100,10,8,80,32,0,0,100,0,261107,0
4,100000,315360000,0.24,100,10,8,80,32,0,0,0,0,1054205.25,56
4,100000,315360000,0.44,100,10,8,100,32,0,0,68,0,1477904.125,50
4,100000,315360000,0,100,10,8,80,32,0,0,0,0,803201.25,80
4,100000,315360000,0.56,100,10,8,80,32,0,0,100,0,4353.5,0
4,100000,315360000,0.44,100,10,8,120,32,0,0,0,0,2142560.625,58
4,100000,315360000,0,100,10,8,80,32,0,0,0,0,803150.625,80
4,100000,315360000,0.12,100,10,8,120,32,0,0,0,0,1366533.5,97
4,100000,315360000,0.12,100,10,8,100,32,0,0,0,0,1139078.125,84
4,100000,315360000,0.28,100,10,8,100,32,0,0,0,0,1390244.125,64
4,100000,315360000,0.52,100,100,100,3,1,4294967295,0,100,0,112.68000000002074,0
4,100000,315360000,0,100,10,8,80,32,0,0,0,0,803186,80
4,100000,315360000,0.59999996,100,10,8,80,32,0,0,100,0,1752.625,0
4,100000,315360000,0.04,100,10,8,120,32,0,0,0,0,1253792.25,116
4,100000,315360000,0.39999998,100,10,8,100,32,0,0,0,0,1647595.75,44
4,100000,315360000,0,100,10,8,100,32,0,0,0,0,1003739.625,100
4,100000,315360000,0.48,100,10,8,80,32,0,0,100,0,22184.625,0
4,100000,315360000,0.32,100,10,8,120,32,0,0,0,0,1765606.375,80
4,100000,315360000,0.44,100,10,8,80,32,0,0,100,0,56766.375,0
4,100000,315360000,0.12,100,10,8,120,32,0,0,0,0,1366508,94
4,100000,315360000,0.44,100,10,8,80,32,0,0,100,0,55740.125,0
4,100000,315360000,0.08,100,10,8,80,32,0,0,0,0,872091,69
4,100000,315360000,0.08,100,10,8,120,32,0,0,0,0,1307710.5,105
4,100000,315360000,0.16,100,10,8,80,32,0,0,0,0,954411.125,64
4,100000,315360000,0.44,100,10,8,80,32,0,0,100,0,59081.5,0
4,100000,315360000,0.04,100,10,8,80,32,0,0,0,0,836193.25,76
4,100000,315360000,0.12,100,10,8,80,32,0,0,0,0,911362.125,66
4,100000,315360000,0.04,100,10,8,100,32,0,0,0,0,1045134.125,92
4,100000,315360000,0.44,100,10,8,100,32,0,0,61,0,1509218.25,45
4,100000,315360000,0.04,100,10,8,80,32,0,0,0,0,836179,78
4,100000,315360000,0.52,100,10,8,120,32,0,0,80,0,1968811.5,45
4,100000,315360000,0.28,100,10,8,120,32,0,0,0,0,1667990.375,79
4,100000,315360000,0.39999998,100,10,8,100,32,0,0,0,0,1644224.625,46
4,100000,315360000,0.24,100,10,8,100,32,0,0,0,0,1317447.875,70
4,100000,315360000,0.44,100,10,8,100,32,0,0,48,0,1546603.75,50
4,100000,315360000,0.16,100,10,8,120,32,0,0,0,0,1431109.125,93
4,100000,315360000,0.19999999,100,10,8,80,32,0,0,0,0,1001700.5,56
4,100000,315360000,0.48,100,10,8,120,32,0,0,0,0,2275186.875,53
4,100000,315360000,0.32,100,10,8,120,32,0,0,0,0,1765593.75,82
4,100000,315360000,0.56,100,10,8,120,32,0,0,100,0,453797.625,0
4,100000,315360000,0.08,100,10,8,80,32,0,0,0,0,872137.75,70
4,100000,315360000,0.19999999,100,10,8,120,32,0,0,0,0,1502086.75,92
4,100000,315360000,0.39999998,100,10,8,80,32,0,0,100,0,216487.25,0
4,100000,315360000,0.12,100,10,8,80,32,0,0,0,0,911350.375,65
4,100000,315360000,0.12,100,10,8,80,32,0,0,0,0,911355.75,67
4,100000,315360000,0.44,100,10,8,100,32,0,0,44,0,1558422.25,53
4,100000,315360000,0.32,100,10,8,120,32,0,0,0,0,1765583,71
4,100000,315360000,0.44,100,10,8,120,32,0,0,0,0,2142506.875,59
4,100000,315360000,0.35999998,100,10,8,100,32,0,0,0,0,1563297.125,56
4,100000,315360000,0.56,100,10,8,80,32,0,0,100,0,4113.5,0
4,100000,315360000,0.12,100,10,8,80,32,0,0,0,0,911376.5,66
4,100000,315360000,0.16,100,10,8,100,32,0,0,0,0,1192850.5,86
4,100000,315360000,0.16,100,10,8,80,32,0,0,0,0,954429.25,64
4,100000,315360000,0.24,100,10,8,120,32,0,0,0,0,1580626.5,90
4,100000,315360000,0.52,100,10,8,80,32,0,0,100,0,9720.875,0
4,100000,315360000,0.59999996,100,10,8,80,32,0,0,100,0,1749.25,0
4,100000,315360000,0.12,100,10,8,100,32,0,0,0,0,1139094,82
4,100000,315360000,0.52,100,100,100,3,1,4294967295,0,100,0,113.42000000002112,0
4,100000,315360000,0.44,100,10,8,80,32,0,0,100,0,59769.125,0
4,100000,315360000,0.52,100,10,8,120,32,0,0,88,0,1868081.125,0
4,100000,315360000,0.08,100,10,8,80,32,0,0,0,0,872159.375,70
4,100000,315360000,0.44,100,10,8,100,32,0,0,61,0,1492479.5,48
4,100000,315360000,0.32,100,10,8,80,32,0,0,3,0,1143319.25,46
4,100000,315360000,0.19999999,100,10,8,100,32,0,0,0,0,1251910.125,68
4,100000,315360000,0.08,100,10,8,120,32,0,0,0,0,1307681.25,107
4,100000,315360000,0.08,100,10,8,120,32,0,0,0,0,1307691.5,107
4,100000,315360000,0,100,10,8,80,32,0,0,0,0,803119.25,80
4,100000,315360000,0.56,100,10,8,80,32,0,0,100,0,4328.5,0
4,100000,315360000,0.04,100,10,8,80,32,0,0,0,0,836227.75,74
4,100000,315360000,0.44,100,10,8,80,32,0,0,100,0,55735.125,0
4,100000,315360000,0.12,100,10,8,120,32,0,0,0,0,1366541.125,104
4,100000,315360000,0.12,100,10,8,80,32,0,0,0,0,911360.875,69
4,100000,315360000,0.35999998,100,10,8,120,32,0,0,0,0,1875487.625,65
4,100000,315360000,0.39999998,100,10,8,120,32,0,0,0,0,2000056.5,67
4,100000,315360000,0.52,100,10,8,80,32,0,0,100,0,8617.25,0
4,100000,315360000,0.19999999,100,10,8,100,32,0,0,0,0,1251952.875,69
4,100000,315360000,0.48,100,10,8,80,32,0,0,100,0,24214.5,0
4,100000,315360000,0.28,100,10,8,120,32,0,0,0,0,1667983.25,79
4,100000,315360000,0.08,100,10,8,80,32,0,0,0,0,872179.5,77
4,100000,315360000,0.08,100,10,8,80,32,0,0,0,0,872145.75,76
4,100000,315360000,0.08,100,10,8,80,32,0,0,0,0,872130.5,68
4,100000,315360000,0.39999998,100,10,8,80,32,0,0,100,0,242126.75,0
4,100000,315360000,0,100,10,8,80,32,0,0,0,0,803138.125,80
4,100000,315360000,0.44,100,10,8,120,32,0,0,0,0,2142552.875,59
4,100000,315360000,0.48,100,10,8,120,32,0,0,0,0,2277847.5,49
4,100000,315360000,0.28,100,10,8,100,32,0,0,0,0,1390259.75,74
4,100000,315360000,0.48,100,10,8,120,32,0,0,0,0,2274200.625,53
4,100000,315360000,0,100,10,8,100,32,0,0,0,0,1003762.625,100
4,100000,315360000,0.39999998,100,10,8,120,32,0,0,0,0,2000049.125,54
4,100000,315360000,0.52,100,10,8,80,32,0,0,100,0,10419,0
4,100000,315360000,0.28,100,10,8,80,32,0,0,0,0,1112341.25,50
4,100000,315360000,0.35999998,100,10,8,120,32,0,0,0,0,1875493.5,67
4,100000,315360000,0.28,100,10,8,100,32,0,0,0,0,1390263.25,70
4,100000,315360000,0.04,100,10,8,120,32,0,0,0,0,1253767.625,112
4,100000,315360000,0.24,100,10,8,80,32,0,0,0,0,1054195.875,58
4,100000,315360000,0.59999996,100,10,8,80,32,0,0,100,0,1819.5,0
4,100000,315360000,0.35999998,100,10,8,80,32,0,0,96,0,835856,45
4,100000,315360000,0.56,100,10,8,120,32,0,0,100,0,400275.75,0
4,100000,315360000,0.24,100,10,8,80,32,0,0,0,0,1054184,60
4,100000,315360000,0.52,100,10,8,120,32,0,0,89,0,1948866.625,0
4,100000,315360000,0.52,100,10,8,80,32,0,0,100,0,8746.875,0
4,100000,315360000,0.52,100,100,100,3,1,4294967295,0,100,0,111.94000000002036,0
4,100000,315360000,0.35999998,100,10,8,120,32,0,0,0,0,1875481.5,70
4,100000,315360000,0.52,100,10,8,120,32,0,0,90,0,1925525.875,53
4,100000,315360000,0.19999999,100,10,8,100,32,0,0,0,0,1251936.625,71
4,100000,315360000,0.32,100,10,8,120,32,0,0,0,0,1765559.75,78
4,100000,315360000,0.19999999,100,10,8,80,32,0,0,0,0,1001711.5,63
4,100000,315360000,0.12,100,10,8,120,32,0,0,0,0,1366610.75,109
4,100000,315360000,0.24,100,10,8,80,32,0,0,0,0,1054184.25,54
4,100000,315360000,0.24,100,10,8,80,32,0,0,0,0,1054178.375,60
4,100000,315360000,0.28,100,10,8,100,32,0,0,0,0,1390286.5,66
4,100000,315360000,0.52,100,10,8,80,32,0,0,100,0,10166.25,0
4,100000,315360000,0.52,100,10,8,120,32,0,0,88,0,1915224.75,46
4,100000,315360000,0.52,100,10,8,80,32,0,0,100,0,10263,0
4,100000,315360000,0,100,10,8,80,32,0,0,0,0,803125.875,80
4,100000,315360000,0.19999999,100,10,8,100,32,0,0,0,0,1251947.875,64
4,100000,315360000,0.59999996,100,10,8,80,32,0,0,100,0,1921.375,0
4,100000,315360000,0.04,100,10,8,80,32,0,0,0,0,836190.625,77
4,100000,315360000,0.19999999,100,10,8,100,32,0,0,0,0,1251951.75,72
4,100000,315360000,0.44,100,10,8,120,32,0,0,0,0,2142535.625,47
4,100000,315360000,0.28,100,10,8,100,32,0,0,0,0,1390338.5,59
4,100000,315360000,0.52,100,10,8,80,32,0,0,100,0,8736.25,0
4,100000,315360000,0.52,100,10,8,80,32,0,0,100,0,10328.375,0
4,100000,315360000,0.39999998,100,10,8,100,32,0,0,0,0,1656463.125,50
4,100000,315360000,0.48,100,10,8,120,32,0,0,0,0,2278990.125,49
4,100000,315360000,0.44,100,10,8,80,32,0,0,100,0,55140.625,0
4,100000,315360000,0.59999996,100,10,8,80,32,0,0,100,0,1547.625,0
4,100000,315360000,0.12,100,10,8,100,32,0,0,0,0,1139059,79
4,100000,315360000,0.04,100,10,8,120,32,0,0,0,0,1253789.375,117
4,100000,315360000,0.52,100,10,8,120,32,0,0,88,0,1912938.375,53
4,100000,315360000,0.12,100,10,8,80,32,0,0,0,0,911370,66
4,100000,315360000,0.16,100,10,8,80,32,0,0,0,0,954418.125,64
4,100000,315360000,0.48,100,10,8,80,32,0,0,100,0,21667.5,0
4,100000,315360000,0.12,100,10,8,120,32,0,0,0,0,1366537.5,102
4,100000,315360000,0.32,100,10,8,120,32,0,0,0,0,1765615.625,76
4,100000,315360000,0.39999998,100,10,8,80,32,0,0,100,0,223452.125,0
4,100000,315360000,0.04,100,10,8,80,32,0,0,0,0,836191,77
4,100000,315360000,0.19999999,100,10,8,80,32,0,0,0,0,1001726.75,57
4,100000,315360000,0.48,100,10,8,80,32,0,0,100,0,21084.5,0
4,100000,315360000,0.35999998,100,10,8,80,32,0,0,95,0,881773.25,47
4,100000,315360000,0.32,100,10,8,80,32,0,0,1,0,1148064.5,42
4,100000,315360000,0.28,100,10,8,100,32,0,0,0,0,1390272,69
4,100000,315360000,0.24,100,10,8,100,32,0,0,0,0,1317461.25,76
4,100000,315360000,0.48,100,10,8,80,32,0,0,100,0,20018.625,0
4,100000,315360000,0.04,100,10,8,100,32,0,0,0,0,1045103,97
4,100000,315360000,0.39999998,100,10,8,100,32,0,0,0,0,1659342.125,51
4,100000,315360000,0.19999999,100,10,8,80,32,0,0,0,0,1001714,56
4,100000,315360000,0.24,100,10,8,100,32,0,0,0,0,1317452.25,71
4,100000,315360000,0.59999996,100,10,8,80,32,0,0,100,0,1529.125,0
4,100000,315360000,0.39999998,100,10,8,100,32,0,0,0,0,1654964.75,57
4,100000,315360000,0.16,100,10,8,120,32,0,0,0,0,1431091.625,96
4,100000,315360000,0.59999996,100,10,8,80,32,0,0,100,0,1812.875,0
4,100000,315360000,0.28,100,10,8,120,32,0,0,0,0,1667928.625,85
4,100000,315360000,0.24,100,10,8,80,32,0,0,0,0,1054167.5,65
4,100000,315360000,0.28,100,10,8,100,32,0,0,0,0,1390276.5,51
4,100000,315360000,0.28,100,10,8,80,32,0,0,0,0,1111324.375,54
4,100000,315360000,0.32,100,10,8,80,32,0,0,2,0,1140184.125,48
4,100000,315360000,0.39999998,100,10,8,80,32,0,0,100,0,223543.875,0
4,100000,315360000,0.28,100,10,8,120,32,0,0,0,0,1668025.5,79
4,100000,315360000,0.16,100,10,8,120,32,0,0,0,0,1431058,94
4,100000,315360000,0.16,100,10,8,80,32,0,0,0,0,954433.625,60
4,100000,315360000,0.28,100,10,8,80,32,0,0,0,0,1110790.375,58
4,100000,315360000,0.52,100,10,8,120,32,0,0,80,0,2006437.375,48
4,100000,315360000,0.16,100,10,8,100,32,0,0,0,0,1192866.75,76
4,100000,315360000,0.12,100,10,8,80,32,0,0,0,0,911380.625,65
4,100000,315360000,0.24,100,10,8,80,32,0,0,0,0,1054188.75,58
4,100000,315360000,0.24,100,10,8,80,32,0,0,0,0,1054167.75,49
4,100000,315360000,0.08,100,10,8,120,32,0,0,0,0,1307661.375,109
4,100000,315360000,0.44,100,10,8,100,32,0,0,42,0,1578284,51
4,100000,315360000,0.28,100,10,8,80,32,0,0,0,0,1111279,48
4,100000,315360000,0.04,100,10,8,80,32,0,0,0,0,836222,77
4,100000,315360000,0.44,100,10,8,120,32,0,0,0,0,2142565.625,55
4,100000,315360000,0.19999999,100,10,8,100,32,0,0,0,0,1251914,70
4,100000,315360000,0.19999999,100,10,8,80,32,0,0,0,0,1001740.125,58
4,100000,315360000,0.24,100,10,8,120,32,0,0,0,0,1580609.25,73
4,100000,315360000,0.48,100,10,8,120,32,0,0,1,0,2290928.875,54
4,100000,315360000,0.12,100,10,8,120,32,0,0,0,0,1366574.25,99
4,100000,315360000,0.04,100,10,8,80,32,0,0,0,0,836194.375,76
4,100000,315360000,0.35999998,100,10,8,120,32,0,0,0,0,1875451.5,65
4,100000,315360000,0.32,100,10,8,80,32,0,0,2,0,1136338,53
4,100000,315360000,0.32,100,10,8,80,32,0,0,1,0,1137390.25,0
4,100000,315360000,0.35999998,100,10,8,80,32,0,0,98,0,821964.875,0
4,100000,315360000,0.35999998,100,10,8,80,32,0,0,98,0,861028.25,0
4,100000,315360000,0.08,100,10,8,80,32,0,0,0,0,872149,71
4,100000,315360000,0.28,100,10,8,80,32,0,0,0,0,1111337.75,43
4,100000,315360000,0.28,100,10,8,120,32,0,0,0,0,1667995.875,81
4,100000,315360000,0.28,100,10,8,80,32,0,0,0,0,1110255,50
4,100000,315360000,0.28,100,10,8,80,32,0,0,0,0,1112356,50
4,100000,315360000,0.24,100,10,8,100,32,0,0,0,0,1317503.625,72
4,100000,315360000,0.16,100,10,8,80,32,0,0,0,0,954433.375,66
4,100000,315360000,0.24,100,10,8,80,32,0,0,0,0,1054205.375,60
4,100000,315360000,0.32,100,10,8,80,32,0,0,2,0,1139747.125,46
4,100000,315360000,0.04,100,10,8,120,32,0,0,0,0,1253763.625,115
4,100000,315360000,0.35999998,100,10,8,80,32,0,0,97,0,839888.875,0
4,100000,315360000,0.28,100,10,8,80,32,0,0,0,0,1111265.875,54
4,100000,315360000,0.28,100,10,8,100,32,0,0,0,0,1390268.25,62
4,100000,315360000,0.28,100,10,8,100,32,0,0,0,0,1390274,62
4,100000,315360000,0.28,100,10,8,80,32,0,0,0,0,1111488.25,47
4,100000,315360000,0.16,100,10,8,80,32,0,0,0,0,954432.625,65
4,100000,315360000,0.35999998,100,10,8,80,32,0,0,99,0,822145,0
4,100000,315360000,0.24,100,10,8,80,32,0,0,0,0,1054202.25,57
4,100000,315360000,0.24,100,10,8,100,32,0,0,0,0,1317471.375,69
4,100000,315360000,0.35999998,100,10,8,80,32,0,0,99,0,814605.875,0
4,100000,315360000,0.24,100,10,8,100,32,0,0,0,0,1317523.375,73
4,100000,315360000,0.24,100,10,8,100,32,0,0,0,0,1317445.375,75
4,100000,315360000,0.04,100,10,8,80,32,0,0,0,0,836214.375,73
4,100000,315360000,0.19999999,100,10,8,80,32,0,0,0,0,1001732.375,52
4,100000,315360000,0.24,100,10,8,100,32,0,0,0,0,1317418.875,76
4,100000,315360000,0.16,100,10,8,100,32,0,0,0,0,1192849.125,74
4,100000,315360000,0.16,100,10,8,80,32,0,0,0,0,954412.625,60
4,100000,315360000,0.28,100,10,8,80,32,0,0,0,0,1111085.125,52
4,100000,315360000,0.39999998,100,10,8,120,32,0,0,0,0,2000100.25,64
4,100000,315360000,0.19999999,100,10,8,100,32,0,0,0,0,1251942,73
4,100000,315360000,0.16,100,10,8,80,32,0,0,0,0,954440.375,55
4,100000,315360000,0.19999999,100,10,8,80,32,0,0,0,0,1001734,66
4,100000,315360000,0.44,100,10,8,120,32,0,0,0,0,2141439.125,56
4,100000,315360000,0.12,100,10,8,80,32,0,0,0,0,911322.875,72
4,100000,315360000,0.28,100,10,8,120,32,0,0,0,0,1667950.5,85
4,100000,315360000,0.19999999,100,10,8,80,32,0,0,0,0,1001742.625,62
4,100000,315360000,0.16,100,10,8,100,32,0,0,0,0,1192841.625,84
4,100000,315360000,0.35999998,100,10,8,80,32,0,0,98,0,839535,45
4,100000,315360000,0.28,100,10,8,100,32,0,0,0,0,1390267.625,72
4,100000,315360000,0.04,100,10,8,80,32,0,0,0,0,836198.625,75
4,100000,315360000,0.35999998,100,10,8,80,32,0,0,98,0,857837.25,43
4,100000,315360000,0.16,100,10,8,100,32,0,0,0,0,1192881.875,85
4,100000,315360000,0.32,100,10,8,80,32,0,0,1,0,1149481.875,49
4,100000,315360000,0.19999999,100,10,8,80,32,0,0,0,0,1001691.875,58
4,100000,315360000,0.19999999,100,10,8,100,32,0,0,0,0,1251897.375,75
4,100000,315360000,0.35999998,100,10,8,80,32,0,0,97,0,893771.625,0
4,100000,315360000,0.12,100,10,8,80,32,0,0,0,0,911367.125,67
4,100000,315360000,0.39999998,100,10,8,100,32,0,0,0,0,1659738,61
4,100000,315360000,0.19999999,100,10,8,80,32,0,0,0,0,1001695.25,68
4,100000,315360000,0.39999998,100,10,8,100,32,0,0,0,0,1654785.625,49
4,100000,315360000,0.16,100,10,8,100,32,0,0,0,0,1192827.25,85
4,100000,315360000,0.28,100,10,8,120,32,0,0,0,0,1667983.75,82
4,100000,315360000,0.28,100,10,8,120,32,0,0,0,0,1667975.75,82
4,100000,315360000,0.24,100,10,8,100,32,0,0,0,0,1317465.75,77
4,100000,315360000,0.19999999,100,10,8,100,32,0,0,0,0,1251910.5,72
4,100000,315360000,0.19999999,100,10,8,100,32,0,0,0,0,1251904,72
4,100000,315360000,0.16,100,10,8,80,32,0,0,0,0,954391.75,61
4,100000,315360000,0.16,100,10,8,100,32,0,0,0,0,1192798.125,76
